COD_ORIGEM,COD_DESTINO,DISTANCIA_KM,CUSTO_DESLOCAMENTO
2800100,2800308,116.91,292.27
2800100,2800605,116.42,291.05
2800100,2800670,179.3,448.25
2800100,2801009,148.55,371.38
2800100,2801207,160.6,401.5
2800100,2801306,69.04,172.6
2800100,2801405,130.99,327.48
2800100,2801702,214.52,536.3
2800100,2802106,165.95,414.88
2800100,2802304,138.33,345.83
2800100,2802908,138.26,345.65
2800100,2803005,218.53,546.33
2800100,2803203,132.85,332.12
2800100,2803500,175.19,437.98
2800100,2803609,97.64,244.1
2800100,2804508,86.08,215.2
2800100,2804607,83.89,209.72
2800100,2804805,108.43,271.08
2800100,2805406,134.43,336.08
2800100,2805604,82.12,205.3
2800100,2805703,21.81,54.52
2800100,2806701,122.13,305.32
2800100,2807105,184.79,461.97
2800100,2807402,233.91,584.77
2800100,2807600,198.63,496.57
2800209,2800308,100.78,251.95
2800209,2800605,100.29,250.73
2800209,2800670,163.17,407.92
2800209,2801009,132.43,331.08
2800209,2801207,133.96,334.9
2800209,2801306,52.91,132.27
2800209,2801405,99.84,249.6
2800209,2801702,198.39,495.97
2800209,2802106,149.82,374.55
2800209,2802304,92.0,230.0
2800209,2802908,89.18,222.95
2800209,2803005,202.4,506.0
2800209,2803203,116.73,291.82
2800209,2803500,159.06,397.65
2800209,2803609,81.51,203.78
2800209,2804508,54.93,137.32
2800209,2804607,41.05,102.62
2800209,2804805,92.31,230.78
2800209,2805406,107.78,269.45
2800209,2805604,96.21,240.52
2800209,2805703,48.12,120.3
2800209,2806701,106.0,265.0
2800209,2807105,158.03,395.07
2800209,2807402,217.78,544.45
2800209,2807600,182.5,456.25
2800308,2800605,10.75,26.88
2800308,2800670,82.32,205.8
2800308,2801009,64.87,162.18
2800308,2801207,198.3,495.75
2800308,2801306,70.79,176.98
2800308,2801405,111.19,277.98
2800308,2801702,117.54,293.85
2800308,2802106,68.97,172.43
2800308,2802304,77.73,194.33
2800308,2802908,54.57,136.43
2800308,2803005,121.55,303.88
2800308,2803203,35.87,89.67
2800308,2803500,78.2,195.5
2800308,2803609,22.09,55.23
2800308,2804508,119.27,298.18
2800308,2804607,71.54,178.85
2800308,2804805,14.46,36.15
2800308,2805406,172.13,430.32
2800308,2805604,174.06,435.15
2800308,2805703,99.53,248.82
2800308,2806701,13.4,33.5
2800308,2807105,107.09,267.73
2800308,2807402,136.92,342.3
2800308,2807600,101.65,254.12
2800407,2800308,101.3,253.25
2800407,2800605,105.98,264.95
2800407,2800670,20.33,50.82
2800407,2801009,76.03,190.07
2800407,2801207,231.27,578.18
2800407,2801306,153.86,384.65
2800407,2801405,129.01,322.52
2800407,2801702,33.16,82.9
2800407,2802106,34.74,86.85
2800407,2802304,109.07,272.67
2800407,2802908,87.97,219.93
2800407,2803005,22.42,56.05
2800407,2803203,66.38,165.95
2800407,2803500,51.41,128.52
2800407,2803609,105.16,262.9
2800407,2804508,152.24,380.6
2800407,2804607,154.61,386.53
2800407,2804805,103.25,258.12
2800407,2805406,205.1,512.75
2800407,2805604,207.03,517.58
2800407,2805703,182.6,456.5
2800407,2806701,88.91,222.27
2800407,2807105,74.41,186.02
2800407,2807402,58.92,147.3
2800407,2807600,17.27,43.17
2800506,2800308,42.84,107.1
2800506,2800605,46.19,115.47
2800506,2800670,88.3,220.75
2800506,2801009,27.01,67.53
2800506,2801207,162.08,405.2
2800506,2801306,81.39,203.47
2800506,2801405,73.34,183.35
2800506,2801702,140.83,352.08
2800506,2802106,92.25,230.62
2800506,2802304,39.87,99.67
2800506,2802908,16.71,41.78
2800506,2803005,120.51,301.28
2800506,2803203,59.16,147.9
2800506,2803500,53.36,133.4
2800506,2803609,31.37,78.42
2800506,2804508,83.05,207.62
2800506,2804607,65.66,164.15
2800506,2804805,40.88,102.2
2800506,2805406,135.91,339.77
2800506,2805604,137.83,344.58
2800506,2805703,110.13,275.32
2800506,2806701,48.05,120.12
2800506,2807105,86.34,215.85
2800506,2807402,112.18,280.45
2800506,2807600,124.94,312.35
2800605,2800308,12.81,32.02
2800605,2800670,88.34,220.85
2800605,2801009,69.96,174.9
2800605,2801207,199.82,499.55
2800605,2801306,69.36,173.4
2800605,2801405,116.29,290.73
2800605,2801702,123.56,308.9
2800605,2802106,74.99,187.47
2800605,2802304,82.82,207.05
2800605,2802908,59.66,149.15
2800605,2803005,127.57,318.92
2800605,2803203,41.89,104.72
2800605,2803500,84.22,210.55
2800605,2803609,27.18,67.95
2800605,2804508,120.79,301.98
2800605,2804607,73.05,182.62
2800605,2804805,15.65,39.12
2800605,2805406,173.64,434.1
2800605,2805604,175.57,438.92
2800605,2805703,98.1,245.25
2800605,2806701,20.45,51.12
2800605,2807105,113.11,282.77
2800605,2807402,142.95,357.38
2800605,2807600,107.67,269.18
2800670,2800308,83.93,209.83
2800670,2800605,88.61,221.53
2800670,2801009,62.35,155.88
2800670,2801207,217.59,543.98
2800670,2801306,136.49,341.23
2800670,2801405,119.18,297.95
2800670,2801702,53.6,134.0
2800670,2802106,29.83,74.57
2800670,2802304,95.39,238.47
2800670,2802908,74.29,185.73
2800670,2803005,38.81,97.03
2800670,2803203,49.02,122.55
2800670,2803500,35.7,89.25
2800670,2803609,87.79,219.48
2800670,2804508,138.56,346.4
2800670,2804607,123.46,308.65
2800670,2804805,85.88,214.7
2800670,2805406,191.42,478.55
2800670,2805604,193.35,483.38
2800670,2805703,165.23,413.07
2800670,2806701,71.54,178.85
2800670,2807105,64.58,161.45
2800670,2807402,64.04,160.1
2800670,2807600,37.71,94.28
2800704,2800308,110.9,277.25
2800704,2800605,98.09,245.23
2800704,2800670,186.43,466.08
2800704,2801009,174.0,435.0
2800704,2801207,217.63,544.08
2800704,2801306,94.48,236.2
2800704,2801405,183.52,458.8
2800704,2801702,221.64,554.1
2800704,2802106,173.07,432.67
2800704,2802304,163.77,409.43
2800704,2802908,163.7,409.25
2800704,2803005,225.65,564.12
2800704,2803203,139.98,349.95
2800704,2803500,182.31,455.77
2800704,2803609,123.08,307.7
2800704,2804508,138.6,346.5
2800704,2804607,109.34,273.35
2800704,2804805,113.73,284.32
2800704,2805406,191.46,478.65
2800704,2805604,161.24,403.1
2800704,2805703,66.89,167.22
2800704,2806701,118.54,296.35
2800704,2807105,210.23,525.57
2800704,2807402,241.03,602.58
2800704,2807600,205.76,514.4
2801009,2800308,65.62,164.05
2801009,2800605,68.97,172.43
2801009,2800670,62.27,155.68
2801009,2801207,156.19,390.48
2801009,2801306,81.43,203.58
2801009,2801405,67.45,168.62
2801009,2801702,109.27,273.18
2801009,2802106,90.91,227.27
2801009,2802304,33.99,84.98
2801009,2802908,12.89,32.23
2801009,2803005,94.48,236.2
2801009,2803203,59.62,149.05
2801009,2803500,27.33,68.32
2801009,2803609,54.15,135.38
2801009,2804508,77.16,192.9
2801009,2804607,62.07,155.18
2801009,2804805,63.66,159.15
2801009,2805406,130.02,325.05
2801009,2805604,131.95,329.88
2801009,2805703,132.91,332.27
2801009,2806701,70.83,177.07
2801009,2807105,56.32,140.8
2801009,2807402,86.15,215.38
2801009,2807600,93.38,233.45
2801108,2800308,119.97,299.93
2801108,2800605,119.47,298.68
2801108,2800670,182.36,455.9
2801108,2801009,151.61,379.03
2801108,2801207,153.27,383.18
2801108,2801306,72.1,180.25
2801108,2801405,119.51,298.78
2801108,2801702,217.58,543.95
2801108,2802106,169.01,422.52
2801108,2802304,111.67,279.18
2801108,2802908,141.31,353.27
2801108,2803005,221.59,553.98
2801108,2803203,135.91,339.77
2801108,2803500,178.24,445.6
2801108,2803609,100.7,251.75
2801108,2804508,74.59,186.48
2801108,2804607,60.72,151.8
2801108,2804805,111.49,278.72
2801108,2805406,127.1,317.75
2801108,2805604,74.79,186.98
2801108,2805703,24.87,62.18
2801108,2806701,125.18,312.95
2801108,2807105,177.69,444.23
2801108,2807402,236.96,592.4
2801108,2807600,201.69,504.23
2801207,2800308,200.24,500.6
2801207,2800605,199.75,499.38
2801207,2800670,216.8,542.0
2801207,2801009,155.5,388.75
2801207,2801306,147.14,367.85
2801207,2801405,106.87,267.18
2801207,2801702,263.79,659.48
2801207,2802106,249.28,623.2
2801207,2802304,128.75,321.88
2801207,2802908,148.17,370.42
2801207,2803005,249.0,622.5
2801207,2803203,216.18,540.45
2801207,2803500,181.86,454.65
2801207,2803609,180.97,452.43
2801207,2804508,80.66,201.65
2801207,2804607,128.24,320.6
2801207,2804805,191.76,479.4
2801207,2805406,35.05,87.62
2801207,2805604,80.58,201.45
2801207,2805703,178.0,445.0
2801207,2806701,205.46,513.65
2801207,2807105,165.06,412.65
2801207,2807402,245.53,613.83
2801207,2807600,247.9,619.75
2801306,2800308,69.99,174.97
2801306,2800605,69.5,173.75
2801306,2800670,132.39,330.97
2801306,2801009,81.73,204.33
2801306,2801207,147.06,367.65
2801306,2801405,108.78,271.95
2801306,2801702,167.61,419.03
2801306,2802106,119.03,297.57
2801306,2802304,75.31,188.28
2801306,2802908,69.01,172.53
2801306,2803005,171.61,429.03
2801306,2803203,85.94,214.85
2801306,2803500,108.08,270.2
2801306,2803609,50.72,126.8
2801306,2804508,68.03,170.07
2801306,2804607,20.88,52.2
2801306,2804805,61.52,153.8
2801306,2805406,120.89,302.23
2801306,2805604,122.82,307.05
2801306,2805703,50.61,126.53
2801306,2806701,75.21,188.02
2801306,2807105,121.78,304.45
2801306,2807402,166.9,417.25
2801306,2807600,151.72,379.3
2801405,2800308,112.43,281.08
2801405,2800605,115.78,289.45
2801405,2800670,119.08,297.7
2801405,2801009,67.03,167.57
2801405,2801207,106.84,267.1
2801405,2801306,108.83,272.07
2801405,2801702,162.12,405.3
2801405,2802106,161.84,404.6
2801405,2802304,36.64,91.6
2801405,2802908,59.7,149.25
2801405,2803005,147.32,368.3
2801405,2803203,128.75,321.88
2801405,2803500,85.39,213.47
2801405,2803609,100.97,252.43
2801405,2804508,45.8,114.5
2801405,2804607,89.47,223.68
2801405,2804805,110.47,276.18
2801405,2805406,80.67,201.68
2801405,2805604,82.6,206.5
2801405,2805703,143.87,359.68
2801405,2806701,117.65,294.12
2801405,2807105,58.79,146.97
2801405,2807402,139.0,347.5
2801405,2807600,146.23,365.57
2801504,2800308,53.07,132.68
2801504,2800605,51.71,129.28
2801504,2800670,115.46,288.65
2801504,2801009,84.71,211.77
2801504,2801207,167.15,417.88
2801504,2801306,29.11,72.78
2801504,2801405,131.04,327.6
2801504,2801702,150.68,376.7
2801504,2802106,102.11,255.28
2801504,2802304,97.58,243.95
2801504,2802908,74.41,186.02
2801504,2803005,154.69,386.73
2801504,2803203,69.01,172.53
2801504,2803500,111.35,278.38
2801504,2803609,33.8,84.5
2801504,2804508,88.12,220.3
2801504,2804607,40.38,100.95
2801504,2804805,44.59,111.48
2801504,2805406,140.97,352.43
2801504,2805604,149.29,373.22
2801504,2805703,57.85,144.62
2801504,2806701,58.29,145.72
2801504,2807105,140.23,350.57
2801504,2807402,170.07,425.17
2801504,2807600,134.79,336.97
2801603,2800308,95.64,239.1
2801603,2800605,95.14,237.85
2801603,2800670,158.03,395.07
2801603,2801009,127.28,318.2
2801603,2801207,155.2,388.0
2801603,2801306,47.77,119.43
2801603,2801405,121.08,302.7
2801603,2801702,193.25,483.12
2801603,2802106,144.67,361.67
2801603,2802304,117.06,292.65
2801603,2802908,116.98,292.45
2801603,2803005,197.26,493.15
2801603,2803203,111.58,278.95
2801603,2803500,153.91,384.77
2801603,2803609,76.37,190.93
2801603,2804508,76.17,190.43
2801603,2804607,62.62,156.55
2801603,2804805,87.16,217.9
2801603,2805406,129.02,322.55
2801603,2805604,96.85,242.12
2801603,2805703,11.81,29.53
2801603,2806701,100.85,252.12
2801603,2807105,163.52,408.8
2801603,2807402,212.63,531.58
2801603,2807600,177.36,443.4
2801702,2800308,118.78,296.95
2801702,2800605,123.46,308.65
2801702,2800670,53.56,133.9
2801702,2801009,109.26,273.15
2801702,2801207,264.5,661.25
2801702,2801306,171.34,428.35
2801702,2801405,162.24,405.6
2801702,2802106,52.22,130.55
2801702,2802304,142.3,355.75
2801702,2802908,121.2,303.0
2801702,2803005,32.36,80.9
2801702,2803203,83.86,209.65
2801702,2803500,84.64,211.6
2801702,2803609,122.64,306.6
2801702,2804508,185.47,463.68
2801702,2804607,172.09,430.23
2801702,2804805,120.73,301.82
2801702,2805406,238.33,595.83
2801702,2805604,240.26,600.65
2801702,2805703,200.08,500.2
2801702,2806701,106.39,265.98
2801702,2807105,107.64,269.1
2801702,2807402,68.31,170.78
2801702,2807600,17.47,43.67
2801900,2800308,90.58,226.45
2801900,2800605,90.08,225.2
2801900,2800670,152.97,382.43
2801900,2801009,79.42,198.55
2801900,2801207,123.33,308.32
2801900,2801306,37.48,93.7
2801900,2801405,89.21,223.02
2801900,2801702,188.19,470.48
2801900,2802106,139.61,349.03
2801900,2802304,73.01,182.53
2801900,2802908,66.7,166.75
2801900,2803005,192.2,480.5
2801900,2803203,106.52,266.3
2801900,2803500,105.77,264.43
2801900,2803609,71.31,178.28
2801900,2804508,44.3,110.75
2801900,2804607,18.57,46.42
2801900,2804805,82.1,205.25
2801900,2805406,97.15,242.88
2801900,2805604,99.08,247.7
2801900,2805703,85.43,213.58
2801900,2806701,95.79,239.48
2801900,2807105,119.47,298.68
2801900,2807402,164.59,411.48
2801900,2807600,172.3,430.75
2802007,2800308,41.32,103.3
2802007,2800605,44.67,111.68
2802007,2800670,103.71,259.27
2802007,2801009,58.25,145.62
2802007,2801207,157.16,392.9
2802007,2801306,28.77,71.92
2802007,2801405,99.61,249.03
2802007,2801702,138.93,347.33
2802007,2802106,90.36,225.9
2802007,2802304,66.14,165.35
2802007,2802908,47.95,119.88
2802007,2803005,142.94,357.35
2802007,2803203,57.26,143.15
2802007,2803500,84.61,211.53
2802007,2803609,22.05,55.12
2802007,2804508,78.13,195.32
2802007,2804607,30.4,76.0
2802007,2804805,32.84,82.1
2802007,2805406,130.99,327.48
2802007,2805604,132.92,332.3
2802007,2805703,80.83,202.07
2802007,2806701,46.54,116.35
2802007,2807105,112.61,281.52
2802007,2807402,143.42,358.55
2802007,2807600,123.04,307.6
2802106,2800308,69.81,174.53
2802106,2800605,74.49,186.22
2802106,2800670,29.83,74.57
2802106,2801009,90.98,227.45
2802106,2801207,249.88,624.7
2802106,2801306,122.37,305.93
2802106,2801405,162.98,407.45
2802106,2801702,52.18,130.45
2802106,2802304,129.51,323.77
2802106,2802908,106.35,265.88
2802106,2803005,56.19,140.47
2802106,2803203,34.89,87.22
2802106,2803500,64.33,160.82
2802106,2803609,73.67,184.18
2802106,2804508,170.85,427.12
2802106,2804607,123.12,307.8
2802106,2804805,71.76,179.4
2802106,2805406,223.71,559.27
2802106,2805604,225.64,564.1
2802106,2805703,151.11,377.78
2802106,2806701,57.42,143.55
2802106,2807105,93.21,233.02
2802106,2807402,91.65,229.12
2802106,2807600,36.29,90.72
2802205,2800308,104.23,260.57
2802205,2800605,103.74,259.35
2802205,2800670,143.9,359.75
2802205,2801009,82.61,206.53
2802205,2801207,97.81,244.53
2802205,2801306,51.13,127.83
2802205,2801405,63.7,159.25
2802205,2801702,201.85,504.62
2802205,2802106,153.27,383.18
2802205,2802304,55.86,139.65
2802205,2802908,75.28,188.2
2802205,2803005,176.11,440.28
2802205,2803203,120.18,300.45
2802205,2803500,108.97,272.43
2802205,2803609,84.96,212.4
2802205,2804508,18.78,46.95
2802205,2804607,32.23,80.57
2802205,2804805,95.76,239.4
2802205,2805406,71.64,179.1
2802205,2805604,73.57,183.92
2802205,2805703,82.0,205.0
2802205,2806701,109.45,273.62
2802205,2807105,121.88,304.7
2802205,2807402,167.78,419.45
2802205,2807600,185.96,464.9
2802304,2800308,78.98,197.45
2802304,2800605,82.33,205.82
2802304,2800670,94.87,237.18
2802304,2801009,33.58,83.95
2802304,2801207,129.06,322.65
2802304,2801306,75.38,188.45
2802304,2801405,36.65,91.62
2802304,2801702,141.87,354.68
2802304,2802106,128.39,320.97
2802304,2802908,26.25,65.62
2802304,2803005,127.08,317.7
2802304,2803203,95.3,238.25
2802304,2803500,59.93,149.82
2802304,2803609,67.52,168.8
2802304,2804508,50.03,125.08
2802304,2804607,56.02,140.05
2802304,2804805,77.02,192.55
2802304,2805406,102.88,257.2
2802304,2805604,104.81,262.02
2802304,2805703,123.33,308.32
2802304,2806701,84.2,210.5
2802304,2807105,49.65,124.12
2802304,2807402,118.75,296.88
2802304,2807600,125.98,314.95
2802403,2800308,154.61,386.53
2802403,2800605,154.11,385.28
2802403,2800670,217.0,542.5
2802403,2801009,113.69,284.23
2802403,2801207,111.85,279.62
2802403,2801306,106.74,266.85
2802403,2801405,89.9,224.75
2802403,2801702,252.22,630.55
2802403,2802106,203.64,509.1
2802403,2802304,86.94,217.35
2802403,2802908,106.36,265.9
2802403,2803005,256.23,640.58
2802403,2803203,170.55,426.38
2802403,2803500,140.04,350.1
2802403,2803609,135.33,338.33
2802403,2804508,44.99,112.48
2802403,2804607,88.67,221.68
2802403,2804805,146.13,365.32
2802403,2805406,85.67,214.18
2802403,2805604,33.36,83.4
2802403,2805703,59.51,148.78
2802403,2806701,159.82,399.55
2802403,2807105,148.09,370.23
2802403,2807402,198.86,497.15
2802403,2807600,236.33,590.83
2802502,2800308,52.05,130.12
2802502,2800605,49.15,122.88
2802502,2800670,114.44,286.1
2802502,2801009,83.7,209.25
2802502,2801207,171.04,427.6
2802502,2801306,33.01,82.52
2802502,2801405,130.02,325.05
2802502,2801702,149.66,374.15
2802502,2802106,101.09,252.73
2802502,2802304,96.56,241.4
2802502,2802908,73.4,183.5
2802502,2803005,153.67,384.17
2802502,2803203,68.0,170.0
2802502,2803500,110.33,275.82
2802502,2803609,32.78,81.95
2802502,2804508,92.01,230.03
2802502,2804607,44.28,110.7
2802502,2804805,43.58,108.95
2802502,2805406,144.87,362.18
2802502,2805604,153.18,382.95
2802502,2805703,61.75,154.38
2802502,2806701,57.27,143.18
2802502,2807105,139.21,348.03
2802502,2807402,169.05,422.62
2802502,2807600,133.77,334.43
2802601,2800308,121.45,303.62
2802601,2800605,120.96,302.4
2802601,2800670,156.61,391.53
2802601,2801009,95.32,238.3
2802601,2801207,110.51,276.28
2802601,2801306,62.3,155.75
2802601,2801405,76.4,191.0
2802601,2801702,219.06,547.65
2802601,2802106,170.49,426.23
2802601,2802304,68.56,171.4
2802601,2802908,87.98,219.95
2802601,2803005,223.07,557.67
2802601,2803203,137.39,343.47
2802601,2803500,121.67,304.18
2802601,2803609,102.18,255.45
2802601,2804508,31.48,78.7
2802601,2804607,43.4,108.5
2802601,2804805,112.97,282.43
2802601,2805406,84.34,210.85
2802601,2805604,82.88,207.2
2802601,2805703,68.79,171.98
2802601,2806701,126.67,316.68
2802601,2807105,134.59,336.48
2802601,2807402,180.49,451.23
2802601,2807600,203.17,507.92
2802700,2800308,107.98,269.95
2802700,2800605,95.17,237.93
2802700,2800670,183.51,458.77
2802700,2801009,168.83,422.08
2802700,2801207,212.47,531.17
2802700,2801306,89.32,223.3
2802700,2801405,178.35,445.88
2802700,2801702,218.73,546.82
2802700,2802106,170.15,425.38
2802700,2802304,158.61,396.53
2802700,2802908,158.53,396.32
2802700,2803005,222.73,556.82
2802700,2803203,137.06,342.65
2802700,2803500,179.39,448.47
2802700,2803609,117.92,294.8
2802700,2804508,133.44,333.6
2802700,2804607,104.17,260.43
2802700,2804805,110.81,277.02
2802700,2805406,186.29,465.72
2802700,2805604,150.45,376.12
2802700,2805703,56.93,142.32
2802700,2806701,115.62,289.05
2802700,2807105,205.07,512.67
2802700,2807402,238.11,595.28
2802700,2807600,202.84,507.1
2802809,2800308,107.53,268.82
2802809,2800605,112.2,280.5
2802809,2800670,63.88,159.7
2802809,2801009,126.0,315.0
2802809,2801207,287.6,719.0
2802809,2801306,160.08,400.2
2802809,2801405,200.69,501.73
2802809,2801702,48.51,121.27
2802809,2802106,40.96,102.4
2802809,2802304,167.23,418.07
2802809,2802908,144.07,360.17
2802809,2803005,57.91,144.77
2802809,2803203,72.61,181.53
2802809,2803500,99.35,248.38
2802809,2803609,111.38,278.45
2802809,2804508,208.57,521.42
2802809,2804607,160.84,402.1
2802809,2804805,109.47,273.68
2802809,2805406,261.42,653.55
2802809,2805604,263.35,658.38
2802809,2805703,188.83,472.08
2802809,2806701,95.13,237.82
2802809,2807105,128.24,320.6
2802809,2807402,93.36,233.4
2802809,2807600,38.05,95.12
2802908,2800308,56.28,140.7
2802908,2800605,59.63,149.08
2802908,2800670,74.3,185.75
2802908,2801009,13.01,32.52
2802908,2801207,148.08,370.2
2802908,2801306,68.62,171.55
2802908,2801405,59.34,148.35
2802908,2801702,121.3,303.25
2802908,2802106,105.69,264.23
2802908,2802304,25.88,64.7
2802908,2803005,106.51,266.28
2802908,2803203,72.6,181.5
2802908,2803500,39.37,98.42
2802908,2803609,44.81,112.03
2802908,2804508,69.05,172.62
2802908,2804607,49.25,123.12
2802908,2804805,54.32,135.8
2802908,2805406,121.91,304.77
2802908,2805604,123.84,309.6
2802908,2805703,123.57,308.92
2802908,2806701,61.49,153.72
2802908,2807105,72.34,180.85
2802908,2807402,98.18,245.45
2802908,2807600,105.41,263.52
2803005,2800308,122.86,307.15
2803005,2800605,127.53,318.82
2803005,2800670,38.9,97.25
2803005,2801009,94.6,236.5
2803005,2801207,249.85,624.62
2803005,2801306,175.41,438.52
2803005,2801405,147.59,368.98
2803005,2801702,32.4,81.0
2803005,2802106,56.29,140.72
2803005,2802304,127.64,319.1
2803005,2802908,106.54,266.35
2803005,2803203,87.94,219.85
2803005,2803500,69.98,174.95
2803005,2803609,126.71,316.77
2803005,2804508,170.82,427.05
2803005,2804607,176.17,440.42
2803005,2804805,124.81,312.02
2803005,2805406,223.67,559.17
2803005,2805604,225.6,564.0
2803005,2805703,204.16,510.4
2803005,2806701,110.47,276.18
2803005,2807105,92.99,232.47
2803005,2807402,36.64,91.6
2803005,2807600,21.44,53.6
2803104,2800308,136.76,341.9
2803104,2800605,136.26,340.65
2803104,2800670,174.65,436.62
2803104,2801009,113.36,283.4
2803104,2801207,128.55,321.38
2803104,2801306,80.34,200.85
2803104,2801405,94.44,236.1
2803104,2801702,234.37,585.92
2803104,2802106,185.79,464.47
2803104,2802304,86.6,216.5
2803104,2802908,106.02,265.05
2803104,2803005,238.38,595.95
2803104,2803203,152.7,381.75
2803104,2803500,139.71,349.28
2803104,2803609,117.49,293.72
2803104,2804508,49.52,123.8
2803104,2804607,61.44,153.6
2803104,2804805,128.28,320.7
2803104,2805406,102.38,255.95
2803104,2805604,62.09,155.23
2803104,2805703,48.81,122.03
2803104,2806701,141.97,354.93
2803104,2807105,152.63,381.57
2803104,2807402,198.53,496.32
2803104,2807600,218.48,546.2
2803203,2800308,37.25,93.12
2803203,2800605,41.93,104.83
2803203,2800670,47.16,117.9
2803203,2801009,56.81,142.03
2803203,2801207,217.33,543.33
2803203,2801306,89.81,224.53
2803203,2801405,130.42,326.05
2803203,2801702,82.38,205.95
2803203,2802106,33.8,84.5
2803203,2802304,96.96,242.4
2803203,2802908,73.8,184.5
2803203,2803005,86.39,215.97
2803203,2803500,43.04,107.6
2803203,2803609,41.11,102.78
2803203,2804508,138.3,345.75
2803203,2804607,90.56,226.4
2803203,2804805,39.2,98.0
2803203,2805406,191.15,477.88
2803203,2805604,193.08,482.7
2803203,2805703,118.55,296.38
2803203,2806701,24.86,62.15
2803203,2807105,71.93,179.83
2803203,2807402,101.76,254.4
2803203,2807600,66.49,166.22
2803302,2800308,62.84,157.1
2803302,2800605,49.3,123.25
2803302,2800670,125.24,313.1
2803302,2801009,94.49,236.22
2803302,2801207,169.54,423.85
2803302,2801306,24.34,60.85
2803302,2801405,131.25,328.12
2803302,2801702,160.45,401.12
2803302,2802106,111.88,279.7
2803302,2802304,97.79,244.48
2803302,2802908,84.19,210.47
2803302,2803005,164.46,411.15
2803302,2803203,78.79,196.98
2803302,2803500,121.12,302.8
2803302,2803609,43.57,108.92
2803302,2804508,90.51,226.28
2803302,2804607,43.35,108.38
2803302,2804805,54.37,135.92
2803302,2805406,143.36,358.4
2803302,2805604,144.52,361.3
2803302,2805703,53.08,132.7
2803302,2806701,68.06,170.15
2803302,2807105,150.0,375.0
2803302,2807402,179.84,449.6
2803302,2807600,144.56,361.4
2803401,2800308,97.82,244.55
2803401,2800605,97.32,243.3
2803401,2800670,160.21,400.53
2803401,2801009,129.46,323.65
2803401,2801207,173.1,432.75
2803401,2801306,49.94,124.85
2803401,2801405,138.98,347.45
2803401,2801702,195.43,488.58
2803401,2802106,146.85,367.12
2803401,2802304,119.23,298.07
2803401,2802908,119.16,297.9
2803401,2803005,199.43,498.58
2803401,2803203,113.76,284.4
2803401,2803500,156.09,390.23
2803401,2803609,78.54,196.35
2803401,2804508,94.06,235.15
2803401,2804607,64.8,162.0
2803401,2804805,89.34,223.35
2803401,2805406,146.92,367.3
2803401,2805604,118.9,297.25
2803401,2805703,23.8,59.5
2803401,2806701,103.03,257.57
2803401,2807105,165.7,414.25
2803401,2807402,214.81,537.02
2803401,2807600,179.54,448.85
2803500,2800308,79.91,199.77
2803500,2800605,84.58,211.45
2803500,2800670,35.61,89.03
2803500,2801009,27.32,68.3
2803500,2801207,182.57,456.42
2803500,2801306,107.8,269.5
2803500,2801405,86.17,215.43
2803500,2801702,84.53,211.32
2803500,2802106,64.24,160.6
2803500,2802304,60.36,150.9
2803500,2802908,39.26,98.15
2803500,2803005,69.73,174.33
2803500,2803203,44.99,112.48
2803500,2803609,80.53,201.32
2803500,2804508,103.54,258.85
2803500,2804607,88.44,221.1
2803500,2804805,81.86,204.65
2803500,2805406,156.39,390.97
2803500,2805604,158.32,395.8
2803500,2805703,161.21,403.03
2803500,2806701,67.52,168.8
2803500,2807105,31.57,78.92
2803500,2807402,61.41,153.52
2803500,2807600,68.64,171.6
2803609,2800308,23.65,59.12
2803609,2800605,27.0,67.5
2803609,2800670,86.04,215.1
2803609,2801009,54.55,136.38
2803609,2801207,181.1,452.75
2803609,2801306,53.58,133.95
2803609,2801405,100.87,252.18
2803609,2801702,121.26,303.15
2803609,2802106,72.69,181.72
2803609,2802304,67.41,168.52
2803609,2802908,44.25,110.62
2803609,2803005,125.27,313.18
2803609,2803203,39.59,98.98
2803609,2803500,81.92,204.8
2803609,2804508,102.07,255.17
2803609,2804607,54.33,135.82
2803609,2804805,15.17,37.92
2803609,2805406,154.92,387.3
2803609,2805604,156.85,392.12
2803609,2805703,82.32,205.8
2803609,2806701,28.86,72.15
2803609,2807105,113.87,284.68
2803609,2807402,140.64,351.6
2803609,2807600,105.37,263.43
2803708,2800308,74.97,187.43
2803708,2800605,78.32,195.8
2803708,2800670,73.56,183.9
2803708,2801009,12.27,30.67
2803708,2801207,148.73,371.82
2803708,2801306,79.15,197.88
2803708,2801405,46.62,116.55
2803708,2801702,120.55,301.38
2803708,2802106,102.19,255.47
2803708,2802304,19.66,49.15
2803708,2802908,22.24,55.6
2803708,2803005,105.76,264.4
2803708,2803203,70.9,177.25
2803708,2803500,38.62,96.55
2803708,2803609,63.5,158.75
2803708,2804508,69.7,174.25
2803708,2804607,59.78,149.45
2803708,2804805,73.01,182.53
2803708,2805406,122.55,306.38
2803708,2805604,124.48,311.2
2803708,2805703,142.26,355.65
2803708,2806701,80.18,200.45
2803708,2807105,67.6,169.0
2803708,2807402,97.44,243.6
2803708,2807600,104.66,261.65
2803807,2800308,82.98,207.45
2803807,2800605,82.49,206.22
2803807,2800670,145.37,363.43
2803807,2801009,114.62,286.55
2803807,2801207,158.26,395.65
2803807,2801306,35.11,87.78
2803807,2801405,124.14,310.35
2803807,2801702,180.59,451.48
2803807,2802106,132.02,330.05
2803807,2802304,104.4,261.0
2803807,2802908,104.32,260.8
2803807,2803005,184.6,461.5
2803807,2803203,98.92,247.3
2803807,2803500,141.25,353.12
2803807,2803609,63.71,159.28
2803807,2804508,79.23,198.08
2803807,2804607,49.96,124.9
2803807,2804805,74.5,186.25
2803807,2805406,132.08,330.2
2803807,2805604,117.35,293.38
2803807,2805703,25.91,64.78
2803807,2806701,88.2,220.5
2803807,2807105,150.86,377.15
2803807,2807402,199.98,499.95
2803807,2807600,164.7,411.75
2803906,2800308,51.62,129.05
2803906,2800605,54.97,137.43
2803906,2800670,94.49,236.22
2803906,2801009,33.2,83.0
2803906,2801207,151.8,379.5
2803906,2801306,55.36,138.4
2803906,2801405,75.86,189.65
2803906,2801702,149.23,373.07
2803906,2802106,100.65,251.62
2803906,2802304,42.4,106.0
2803906,2802908,20.48,51.2
2803906,2803005,126.69,316.73
2803906,2803203,67.56,168.9
2803906,2803500,59.55,148.88
2803906,2803609,32.34,80.85
2803906,2804508,72.77,181.92
2803906,2804607,48.74,121.85
2803906,2804805,43.14,107.85
2803906,2805406,125.63,314.07
2803906,2805604,127.56,318.9
2803906,2805703,104.65,261.62
2803906,2806701,56.83,142.07
2803906,2807105,88.86,222.15
2803906,2807402,118.37,295.93
2803906,2807600,133.34,333.35
2804003,2800308,32.85,82.12
2804003,2800605,36.21,90.53
2804003,2800670,95.24,238.1
2804003,2801009,64.5,161.25
2804003,2801207,168.99,422.48
2804003,2801306,41.47,103.67
2804003,2801405,110.82,277.05
2804003,2801702,130.46,326.15
2804003,2802106,81.89,204.72
2804003,2802304,77.36,193.4
2804003,2802908,54.2,135.5
2804003,2803005,134.47,336.18
2804003,2803203,48.79,121.97
2804003,2803500,91.13,227.82
2804003,2803609,13.58,33.95
2804003,2804508,89.96,224.9
2804003,2804607,42.22,105.55
2804003,2804805,24.37,60.93
2804003,2805406,142.81,357.02
2804003,2805604,144.74,361.85
2804003,2805703,70.21,175.52
2804003,2806701,38.07,95.17
2804003,2807105,120.01,300.03
2804003,2807402,149.85,374.62
2804003,2807600,114.57,286.42
2804102,2800308,63.62,159.05
2804102,2800605,66.97,167.43
2804102,2800670,89.77,224.42
2804102,2801009,28.48,71.2
2804102,2801207,137.58,343.95
2804102,2801306,53.89,134.72
2804102,2801405,68.65,171.62
2804102,2801702,136.77,341.93
2804102,2802106,112.65,281.62
2804102,2802304,35.18,87.95
2804102,2802908,15.76,39.4
2804102,2803005,121.97,304.93
2804102,2803203,79.56,198.9
2804102,2803500,54.83,137.07
2804102,2803609,44.34,110.85
2804102,2804508,58.55,146.38
2804102,2804607,34.52,86.3
2804102,2804805,55.14,137.85
2804102,2805406,111.41,278.52
2804102,2805604,113.34,283.35
2804102,2805703,101.84,254.6
2804102,2806701,68.83,172.07
2804102,2807105,81.65,204.12
2804102,2807402,113.65,284.12
2804102,2807600,120.88,302.2
2804201,2800308,148.35,370.88
2804201,2800605,147.86,369.65
2804201,2800670,164.91,412.27
2804201,2801009,103.62,259.05
2804201,2801207,57.36,143.4
2804201,2801306,95.25,238.12
2804201,2801405,46.47,116.17
2804201,2801702,211.91,529.77
2804201,2802106,197.39,493.47
2804201,2802304,76.86,192.15
2804201,2802908,96.29,240.73
2804201,2803005,197.11,492.78
2804201,2803203,164.3,410.75
2804201,2803500,129.97,324.93
2804201,2803609,129.08,322.7
2804201,2804508,28.78,71.95
2804201,2804607,76.35,190.88
2804201,2804805,139.88,349.7
2804201,2805406,31.19,77.98
2804201,2805604,33.11,82.78
2804201,2805703,126.12,315.3
2804201,2806701,153.57,383.92
2804201,2807105,104.65,261.62
2804201,2807402,188.79,471.97
2804201,2807600,196.02,490.05
2804300,2800308,83.04,207.6
2804300,2800605,82.55,206.38
2804300,2800670,145.43,363.58
2804300,2801009,114.69,286.73
2804300,2801207,147.68,369.2
2804300,2801306,35.17,87.93
2804300,2801405,113.56,283.9
2804300,2801702,180.65,451.62
2804300,2802106,132.08,330.2
2804300,2802304,104.46,261.15
2804300,2802908,104.39,260.98
2804300,2803005,184.66,461.65
2804300,2803203,98.98,247.45
2804300,2803500,141.32,353.3
2804300,2803609,63.77,159.43
2804300,2804508,68.65,171.62
2804300,2804607,50.03,125.08
2804300,2804805,74.57,186.42
2804300,2805406,121.5,303.75
2804300,2805604,108.92,272.3
2804300,2805703,30.38,75.95
2804300,2806701,88.26,220.65
2804300,2807105,150.92,377.3
2804300,2807402,200.04,500.1
2804300,2807600,164.76,411.9
2804409,2800308,116.14,290.35
2804409,2800605,115.65,289.12
2804409,2800670,178.54,446.35
2804409,2801009,147.79,369.47
2804409,2801207,191.42,478.55
2804409,2801306,68.27,170.67
2804409,2801405,157.31,393.27
2804409,2801702,213.75,534.38
2804409,2802106,165.18,412.95
2804409,2802304,137.56,343.9
2804409,2802908,137.49,343.73
2804409,2803005,217.76,544.4
2804409,2803203,132.09,330.23
2804409,2803500,174.42,436.05
2804409,2803609,96.87,242.18
2804409,2804508,112.39,280.98
2804409,2804607,83.13,207.82
2804409,2804805,107.67,269.18
2804409,2805406,165.25,413.12
2804409,2805604,129.4,323.5
2804409,2805703,35.88,89.7
2804409,2806701,121.36,303.4
2804409,2807105,184.02,460.05
2804409,2807402,233.14,582.85
2804409,2807600,197.86,494.65
2804458,2800308,99.08,247.7
2804458,2800605,102.43,256.08
2804458,2800670,114.97,287.43
2804458,2801009,53.68,134.2
2804458,2801207,109.13,272.82
2804458,2801306,75.57,188.92
2804458,2801405,32.52,81.3
2804458,2801702,161.97,404.93
2804458,2802106,148.49,371.23
2804458,2802304,26.93,67.33
2804458,2802908,46.35,115.88
2804458,2803005,147.17,367.92
2804458,2803203,115.4,288.5
2804458,2803500,80.03,200.07
2804458,2803609,79.19,197.97
2804458,2804508,30.1,75.25
2804458,2804607,56.21,140.53
2804458,2804805,97.12,242.8
2804458,2805406,82.96,207.4
2804458,2805604,84.89,212.22
2804458,2805703,123.53,308.82
2804458,2806701,104.29,260.73
2804458,2807105,73.39,183.47
2804458,2807402,138.85,347.12
2804458,2807600,146.08,365.2
2804508,2800308,121.23,303.07
2804508,2800605,120.74,301.85
2804508,2800670,137.79,344.47
2804508,2801009,76.5,191.25
2804508,2801207,80.68,201.7
2804508,2801306,68.13,170.32
2804508,2801405,45.85,114.62
2804508,2801702,184.78,461.95
2804508,2802106,170.27,425.68
2804508,2802304,49.74,124.35
2804508,2802908,69.16,172.9
2804508,2803005,169.99,424.98
2804508,2803203,137.17,342.92
2804508,2803500,102.85,257.12
2804508,2803609,101.96,254.9
2804508,2804607,49.23,123.07
2804508,2804805,112.75,281.88
2804508,2805406,54.51,136.28
2804508,2805604,56.44,141.1
2804508,2805703,98.99,247.47
2804508,2806701,126.45,316.12
2804508,2807105,104.04,260.1
2804508,2807402,161.66,404.15
2804508,2807600,168.89,422.22
2804607,2800308,73.47,183.68
2804607,2800605,72.98,182.45
2804607,2800670,135.87,339.68
2804607,2801009,62.32,155.8
2804607,2801207,128.23,320.57
2804607,2801306,20.83,52.07
2804607,2801405,89.37,223.43
2804607,2801702,171.09,427.73
2804607,2802106,122.51,306.28
2804607,2802304,55.9,139.75
2804607,2802908,49.6,124.0
2804607,2803005,175.09,437.73
2804607,2803203,89.42,223.55
2804607,2803500,88.67,221.68
2804607,2803609,54.2,135.5
2804607,2804508,49.2,123.0
2804607,2804805,65.0,162.5
2804607,2805406,102.06,255.15
2804607,2805604,103.99,259.97
2804607,2805703,68.79,171.98
2804607,2806701,78.69,196.72
2804607,2807105,102.37,255.93
2804607,2807402,147.49,368.73
2804607,2807600,155.2,388.0
2804706,2800308,132.44,331.1
2804706,2800605,131.94,329.85
2804706,2800670,194.83,487.08
2804706,2801009,130.18,325.45
2804706,2801207,140.86,352.15
2804706,2801306,84.57,211.42
2804706,2801405,111.26,278.15
2804706,2801702,230.05,575.12
2804706,2802106,181.47,453.68
2804706,2802304,103.42,258.55
2804706,2802908,122.84,307.1
2804706,2803005,234.06,585.15
2804706,2803203,148.38,370.95
2804706,2803500,156.53,391.32
2804706,2803609,113.16,282.9
2804706,2804508,66.34,165.85
2804706,2804607,78.25,195.62
2804706,2804805,123.96,309.9
2804706,2805406,114.69,286.73
2804706,2805604,62.38,155.95
2804706,2805703,37.34,93.35
2804706,2806701,137.65,344.12
2804706,2807105,169.44,423.6
2804706,2807402,215.34,538.35
2804706,2807600,214.16,535.4
2804805,2800308,14.66,36.65
2804805,2800605,14.87,37.17
2804805,2800670,86.28,215.7
2804805,2801009,65.49,163.72
2804805,2801207,191.09,477.73
2804805,2801306,63.57,158.93
2804805,2801405,111.82,279.55
2804805,2801702,121.5,303.75
2804805,2802106,72.93,182.33
2804805,2802304,78.35,195.88
2804805,2802908,55.19,137.97
2804805,2803005,125.51,313.78
2804805,2803203,39.83,99.57
2804805,2803500,82.17,205.43
2804805,2803609,14.87,37.17
2804805,2804508,112.06,280.15
2804805,2804607,64.33,160.82
2804805,2805406,164.91,412.27
2804805,2805604,166.84,417.1
2804805,2805703,92.32,230.8
2804805,2806701,19.87,49.68
2804805,2807105,111.05,277.62
2804805,2807402,140.89,352.22
2804805,2807600,105.61,264.02
2804904,2800308,103.93,259.83
2804904,2800605,91.12,227.8
2804904,2800670,186.11,465.28
2804904,2801009,155.36,388.4
2804904,2801207,199.0,497.5
2804904,2801306,75.85,189.62
2804904,2801405,164.88,412.2
2804904,2801702,221.33,553.33
2804904,2802106,172.76,431.9
2804904,2802304,145.14,362.85
2804904,2802908,145.06,362.65
2804904,2803005,225.34,563.35
2804904,2803203,139.66,349.15
2804904,2803500,181.99,454.98
2804904,2803609,104.45,261.12
2804904,2804508,119.97,299.93
2804904,2804607,90.7,226.75
2804904,2804805,115.24,288.1
2804904,2805406,172.82,432.05
2804904,2805604,143.36,358.4
2804904,2805703,48.26,120.65
2804904,2806701,111.57,278.92
2804904,2807105,191.6,479.0
2804904,2807402,240.72,601.8
2804904,2807600,205.44,513.6
2805000,2800308,97.36,243.4
2805000,2800605,100.72,251.8
2805000,2800670,90.08,225.2
2805000,2801009,31.33,78.32
2805000,2801207,141.2,353.0
2805000,2801306,93.76,234.4
2805000,2801405,34.96,87.4
2805000,2801702,133.11,332.78
2805000,2802106,146.78,366.95
2805000,2802304,21.57,53.92
2805000,2802908,44.63,111.58
2805000,2803005,118.32,295.8
2805000,2803203,113.68,284.2
2805000,2803500,56.39,140.97
2805000,2803609,85.9,214.75
2805000,2804508,80.16,200.4
2805000,2804607,74.4,186.0
2805000,2804805,95.4,238.5
2805000,2805406,115.02,287.55
2805000,2805604,116.95,292.38
2805000,2805703,141.72,354.3
2805000,2806701,102.58,256.45
2805000,2807105,29.79,74.47
2805000,2807402,110.0,275.0
2805000,2807600,117.22,293.05
2805109,2800308,92.81,232.03
2805109,2800605,97.49,243.72
2805109,2800670,9.1,22.75
2805109,2801009,64.79,161.98
2805109,2801207,220.04,550.1
2805109,2801306,145.37,363.43
2805109,2801405,117.78,294.45
2805109,2801702,44.47,111.17
2805109,2802106,37.46,93.65
2805109,2802304,97.84,244.6
2805109,2802908,76.74,191.85
2805109,2803005,29.67,74.18
2805109,2803203,57.89,144.72
2805109,2803500,40.17,100.43
2805109,2803609,96.67,241.68
2805109,2804508,141.01,352.52
2805109,2804607,125.91,314.77
2805109,2804805,94.76,236.9
2805109,2805406,193.87,484.68
2805109,2805604,195.8,489.5
2805109,2805703,174.11,435.28
2805109,2806701,80.42,201.05
2805109,2807105,63.18,157.95
2805109,2807402,55.12,137.8
2805109,2807600,28.58,71.45
2805208,2800308,100.43,251.08
2805208,2800605,103.79,259.48
2805208,2800670,86.34,215.85
2805208,2801009,55.04,137.6
2805208,2801207,140.1,350.25
2805208,2801306,96.83,242.07
2805208,2801405,33.86,84.65
2805208,2801702,129.38,323.45
2805208,2802106,114.98,287.45
2805208,2802304,24.64,61.6
2805208,2802908,47.7,119.25
2805208,2803005,114.58,286.45
2805208,2803203,116.75,291.88
2805208,2803500,52.65,131.62
2805208,2803609,88.97,222.43
2805208,2804508,79.06,197.65
2805208,2804607,77.47,193.68
2805208,2804805,98.47,246.18
2805208,2805406,113.92,284.8
2805208,2805604,115.85,289.62
2805208,2805703,144.79,361.97
2805208,2806701,105.65,264.12
2805208,2807105,26.06,65.15
2805208,2807402,106.26,265.65
2805208,2807600,113.49,283.72
2805307,2800308,44.54,111.35
2805307,2800605,31.73,79.33
2805307,2800670,120.07,300.17
2805307,2801009,101.69,254.22
2805307,2801207,187.07,467.67
2805307,2801306,41.88,104.7
2805307,2801405,148.01,370.02
2805307,2801702,155.29,388.22
2805307,2802106,106.71,266.77
2805307,2802304,114.55,286.38
2805307,2802908,91.39,228.47
2805307,2803005,159.3,398.25
2805307,2803203,73.62,184.05
2805307,2803500,115.95,289.88
2805307,2803609,54.02,135.05
2805307,2804508,108.04,270.1
2805307,2804607,60.89,152.22
2805307,2804805,47.37,118.42
2805307,2805406,160.9,402.25
2805307,2805604,162.05,405.12
2805307,2805703,70.62,176.55
2805307,2806701,52.18,130.45
2805307,2807105,144.84,362.1
2805307,2807402,174.67,436.67
2805307,2807600,139.4,348.5
2805406,2800308,174.09,435.23
2805406,2800605,173.6,434.0
2805406,2800670,190.65,476.62
2805406,2801009,129.36,323.4
2805406,2801207,35.08,87.7
2805406,2801306,120.99,302.47
2805406,2801405,80.72,201.8
2805406,2801702,237.64,594.1
2805406,2802106,223.13,557.83
2805406,2802304,102.6,256.5
2805406,2802908,122.02,305.05
2805406,2803005,222.85,557.12
2805406,2803203,190.03,475.07
2805406,2803500,155.71,389.28
2805406,2803609,154.82,387.05
2805406,2804508,54.51,136.28
2805406,2804607,102.09,255.23
2805406,2804805,165.61,414.03
2805406,2805604,54.43,136.07
2805406,2805703,151.85,379.62
2805406,2806701,179.31,448.27
2805406,2807105,138.91,347.27
2805406,2807402,214.52,536.3
2805406,2807600,221.75,554.38
2805505,2800308,147.54,368.85
2805505,2800605,152.22,380.55
2805505,2800670,103.25,258.12
2805505,2801009,94.21,235.52
2805505,2801207,195.57,488.92
2805505,2801306,159.95,399.88
2805505,2801405,96.97,242.43
2805505,2801702,116.68,291.7
2805505,2802106,131.88,329.7
2805505,2802304,87.76,219.4
2805505,2802908,110.82,277.05
2805505,2803005,85.39,213.47
2805505,2803203,112.63,281.57
2805505,2803500,69.55,173.88
2805505,2803609,152.08,380.2
2805505,2804508,142.17,355.42
2805505,2804607,140.59,351.48
2805505,2804805,149.49,373.73
2805505,2805406,177.04,442.6
2805505,2805604,178.96,447.4
2805505,2805703,207.9,519.75
2805505,2806701,135.15,337.88
2805505,2807105,39.65,99.12
2805505,2807402,53.53,133.82
2805505,2807600,105.46,263.65
2805604,2800308,176.1,440.25
2805604,2800605,175.61,439.03
2805604,2800670,192.66,481.65
2805604,2801009,131.37,328.43
2805604,2801207,80.56,201.4
2805604,2801306,123.0,307.5
2805604,2801405,82.73,206.83
2805604,2801702,239.65,599.12
2805604,2802106,225.14,562.85
2805604,2802304,104.61,261.52
2805604,2802908,124.04,310.1
2805604,2803005,224.86,562.15
2805604,2803203,192.05,480.12
2805604,2803500,157.72,394.3
2805604,2803609,156.83,392.08
2805604,2804508,56.53,141.32
2805604,2804607,104.1,260.25
2805604,2804805,167.63,419.07
2805604,2805406,54.39,135.97
2805604,2805703,96.55,241.38
2805604,2806701,181.32,453.3
2805604,2807105,140.92,352.3
2805604,2807402,216.54,541.35
2805604,2807600,223.76,559.4
2805703,2800308,100.17,250.43
2805703,2800605,99.67,249.18
2805703,2800670,162.56,406.4
2805703,2801009,131.81,329.52
2805703,2801207,175.45,438.62
2805703,2801306,52.3,130.75
2805703,2801405,141.33,353.33
2805703,2801702,197.78,494.45
2805703,2802106,149.21,373.03
2805703,2802304,121.59,303.98
2805703,2802908,121.51,303.78
2805703,2803005,201.79,504.47
2805703,2803203,116.11,290.27
2805703,2803500,158.44,396.1
2805703,2803609,80.9,202.25
2805703,2804508,96.42,241.05
2805703,2804607,67.15,167.88
2805703,2804805,91.69,229.22
2805703,2805406,149.27,373.18
2805703,2805604,95.87,239.68
2805703,2806701,105.38,263.45
2805703,2807105,168.05,420.12
2805703,2807402,217.17,542.92
2805703,2807600,181.89,454.72
2805802,2800308,107.12,267.8
2805802,2800605,111.8,279.5
2805802,2800670,32.44,81.1
2805802,2801009,54.53,136.32
2805802,2801207,209.77,524.43
2805802,2801306,135.01,337.52
2805802,2801405,107.51,268.78
2805802,2801702,67.93,169.83
2805802,2802106,60.81,152.03
2805802,2802304,87.57,218.92
2805802,2802908,66.47,166.18
2805802,2803005,27.05,67.62
2805802,2803203,72.21,180.52
2805802,2803500,29.91,74.78
2805802,2803609,107.73,269.32
2805802,2804508,130.74,326.85
2805802,2804607,115.64,289.1
2805802,2804805,109.07,272.67
2805802,2805406,183.6,459.0
2805802,2805604,185.53,463.82
2805802,2805703,188.42,471.05
2805802,2806701,94.73,236.83
2805802,2807105,52.91,132.27
2805802,2807402,35.53,88.83
2805802,2807600,52.04,130.1
2805901,2800308,33.01,82.52
2805901,2800605,36.36,90.9
2805901,2800670,95.4,238.5
2805901,2801009,49.94,124.85
2805901,2801207,166.1,415.25
2805901,2801306,37.71,94.28
2805901,2801405,96.27,240.67
2805901,2801702,130.62,326.55
2805901,2802106,82.05,205.12
2805901,2802304,62.8,157.0
2805901,2802908,39.64,99.1
2805901,2803005,134.63,336.57
2805901,2803203,48.95,122.38
2805901,2803500,76.29,190.73
2805901,2803609,13.74,34.35
2805901,2804508,87.07,217.67
2805901,2804607,39.34,98.35
2805901,2804805,24.53,61.33
2805901,2805406,139.93,349.83
2805901,2805604,141.86,354.65
2805901,2805703,86.05,215.12
2805901,2806701,38.22,95.55
2805901,2807105,109.27,273.18
2805901,2807402,135.11,337.78
2805901,2807600,114.73,286.82
2806008,2800308,78.71,196.77
2806008,2800605,82.07,205.17
2806008,2800670,94.6,236.5
2806008,2801009,33.31,83.28
2806008,2801207,123.88,309.7
2806008,2801306,54.5,136.25
2806008,2801405,55.85,139.62
2806008,2801702,141.6,354.0
2806008,2802106,128.12,320.3
2806008,2802304,22.39,55.98
2806008,2802908,25.98,64.95
2806008,2803005,126.81,317.02
2806008,2803203,95.03,237.57
2806008,2803500,59.67,149.18
2806008,2803609,58.11,145.28
2806008,2804508,44.84,112.1
2806008,2804607,35.14,87.85
2806008,2804805,76.75,191.88
2806008,2805406,97.7,244.25
2806008,2805604,99.63,249.07
2806008,2805703,102.45,256.12
2806008,2806701,83.93,209.83
2806008,2807105,68.85,172.12
2806008,2807402,118.48,296.2
2806008,2807600,125.71,314.27
2806107,2800308,42.78,106.95
2806107,2800605,39.87,99.67
2806107,2800670,105.17,262.93
2806107,2801009,74.42,186.05
2806107,2801207,161.81,404.52
2806107,2801306,34.3,85.75
2806107,2801405,120.75,301.88
2806107,2801702,140.39,350.97
2806107,2802106,91.81,229.53
2806107,2802304,87.28,218.2
2806107,2802908,64.12,160.3
2806107,2803005,144.4,361.0
2806107,2803203,58.72,146.8
2806107,2803500,101.05,252.62
2806107,2803609,23.51,58.78
2806107,2804508,82.78,206.95
2806107,2804607,35.05,87.62
2806107,2804805,34.3,85.75
2806107,2805406,135.64,339.1
2806107,2805604,137.56,343.9
2806107,2805703,63.04,157.6
2806107,2806701,47.99,119.98
2806107,2807105,129.94,324.85
2806107,2807402,159.77,399.43
2806107,2807600,124.5,311.25
2806206,2800308,57.79,144.47
2806206,2800605,62.47,156.18
2806206,2800670,28.1,70.25
2806206,2801009,50.63,126.58
2806206,2801207,205.88,514.7
2806206,2801306,110.35,275.88
2806206,2801405,107.47,268.68
2806206,2801702,81.41,203.52
2806206,2802106,42.13,105.33
2806206,2802304,83.67,209.18
2806206,2802908,62.58,156.45
2806206,2803005,66.62,166.55
2806206,2803203,22.87,57.18
2806206,2803500,23.99,59.97
2806206,2803609,61.65,154.12
2806206,2804508,126.85,317.12
2806206,2804607,111.1,277.75
2806206,2804805,59.74,149.35
2806206,2805406,179.71,449.28
2806206,2805604,181.64,454.1
2806206,2805703,139.09,347.73
2806206,2806701,45.4,113.5
2806206,2807105,52.87,132.17
2806206,2807402,82.71,206.77
2806206,2807600,65.52,163.8
2806305,2800308,87.79,219.48
2806305,2800605,92.47,231.18
2806305,2800670,44.14,110.35
2806305,2801009,106.27,265.68
2806305,2801207,267.86,669.65
2806305,2801306,140.35,350.88
2806305,2801405,180.96,452.4
2806305,2801702,43.09,107.73
2806305,2802106,21.23,53.08
2806305,2802304,147.5,368.75
2806305,2802908,124.34,310.85
2806305,2803005,47.1,117.75
2806305,2803203,52.88,132.2
2806305,2803500,79.62,199.05
2806305,2803609,91.65,229.12
2806305,2804508,188.83,472.08
2806305,2804607,141.1,352.75
2806305,2804805,89.74,224.35
2806305,2805406,241.69,604.23
2806305,2805604,243.62,609.05
2806305,2805703,169.09,422.73
2806305,2806701,75.4,188.5
2806305,2807105,108.5,271.25
2806305,2807402,82.55,206.38
2806305,2807600,27.2,68.0
2806404,2800308,119.42,298.55
2806404,2800605,118.93,297.33
2806404,2800670,181.82,454.55
2806404,2801009,151.07,377.67
2806404,2801207,194.7,486.75
2806404,2801306,71.55,178.88
2806404,2801405,160.59,401.48
2806404,2801702,217.03,542.58
2806404,2802106,168.46,421.15
2806404,2802304,140.84,352.1
2806404,2802908,140.77,351.93
2806404,2803005,221.04,552.6
2806404,2803203,135.37,338.43
2806404,2803500,177.7,444.25
2806404,2803609,100.15,250.38
2806404,2804508,115.67,289.18
2806404,2804607,86.41,216.02
2806404,2804805,110.95,277.38
2806404,2805406,168.53,421.32
2806404,2805604,132.68,331.7
2806404,2805703,39.17,97.93
2806404,2806701,124.64,311.6
2806404,2807105,187.31,468.27
2806404,2807402,236.42,591.05
2806404,2807600,201.15,502.88
2806503,2800308,48.03,120.08
2806503,2800605,51.39,128.47
2806503,2800670,110.43,276.08
2806503,2801009,48.8,122.0
2806503,2801207,154.82,387.05
2806503,2801306,43.36,108.4
2806503,2801405,85.89,214.72
2806503,2801702,145.64,364.1
2806503,2802106,97.07,242.67
2806503,2802304,52.43,131.07
2806503,2802908,36.08,90.2
2806503,2803005,149.65,374.12
2806503,2803203,63.98,159.95
2806503,2803500,75.15,187.88
2806503,2803609,28.76,71.9
2806503,2804508,75.79,189.48
2806503,2804607,37.46,93.65
2806503,2804805,39.56,98.9
2806503,2805406,128.65,321.62
2806503,2805604,130.58,326.45
2806503,2805703,95.41,238.52
2806503,2806701,53.25,133.12
2806503,2807105,98.89,247.22
2806503,2807402,133.97,334.93
2806503,2807600,129.76,324.4
2806602,2800308,44.36,110.9
2806602,2800605,30.12,75.3
2806602,2800670,106.75,266.88
2806602,2801009,76.0,190.0
2806602,2801207,177.42,443.55
2806602,2801306,49.91,124.77
2806602,2801405,122.33,305.82
2806602,2801702,141.97,354.93
2806602,2802106,93.39,233.47
2806602,2802304,88.86,222.15
2806602,2802908,65.7,164.25
2806602,2803005,145.98,364.95
2806602,2803203,60.3,150.75
2806602,2803500,102.63,256.57
2806602,2803609,25.09,62.73
2806602,2804508,98.39,245.97
2806602,2804607,50.66,126.65
2806602,2804805,35.88,89.7
2806602,2805406,151.25,378.12
2806602,2805604,153.18,382.95
2806602,2805703,78.65,196.62
2806602,2806701,49.57,123.92
2806602,2807105,131.52,328.8
2806602,2807402,161.35,403.38
2806602,2807600,126.08,315.2
2806701,2800308,13.74,34.35
2806701,2800605,20.14,50.35
2806701,2800670,76.56,191.4
2806701,2801009,71.8,179.5
2806701,2801207,205.23,513.07
2806701,2801306,77.72,194.3
2806701,2801405,118.13,295.32
2806701,2801702,111.78,279.45
2806701,2802106,63.2,158.0
2806701,2802304,84.66,211.65
2806701,2802908,61.5,153.75
2806701,2803005,115.79,289.48
2806701,2803203,30.11,75.28
2806701,2803500,72.44,181.1
2806701,2803609,29.02,72.55
2806701,2804508,126.2,315.5
2806701,2804607,78.47,196.18
2806701,2804805,20.96,52.4
2806701,2805406,179.06,447.65
2806701,2805604,180.99,452.48
2806701,2805703,106.46,266.15
2806701,2807105,101.33,253.32
2806701,2807402,131.16,327.9
2806701,2807600,95.89,239.72
2806800,2800308,75.81,189.53
2806800,2800605,79.16,197.9
2806800,2800670,55.0,137.5
2806800,2801009,11.14,27.85
2806800,2801207,166.38,415.95
2806800,2801306,91.62,229.05
2806800,2801405,77.64,194.1
2806800,2801702,102.0,255.0
2806800,2802106,83.63,209.07
2806800,2802304,44.18,110.45
2806800,2802908,23.08,57.7
2806800,2803005,87.2,218.0
2806800,2803203,52.34,130.85
2806800,2803500,20.06,50.15
2806800,2803609,64.34,160.85
2806800,2804508,87.35,218.38
2806800,2804607,72.26,180.65
2806800,2804805,73.85,184.62
2806800,2805406,140.21,350.53
2806800,2805604,142.14,355.35
2806800,2805703,143.1,357.75
2806800,2806701,81.02,202.55
2806800,2807105,49.04,122.6
2806800,2807402,78.88,197.2
2806800,2807600,86.11,215.28
2806909,2800308,87.36,218.4
2806909,2800605,86.87,217.18
2806909,2800670,149.75,374.38
2806909,2801009,119.01,297.53
2806909,2801207,162.64,406.6
2806909,2801306,39.49,98.73
2806909,2801405,128.53,321.32
2806909,2801702,184.97,462.43
2806909,2802106,136.4,341.0
2806909,2802304,108.78,271.95
2806909,2802908,108.71,271.77
2806909,2803005,188.98,472.45
2806909,2803203,103.31,258.27
2806909,2803500,145.64,364.1
2806909,2803609,68.09,170.23
2806909,2804508,83.61,209.03
2806909,2804607,54.35,135.88
2806909,2804805,78.89,197.22
2806909,2805406,136.47,341.18
2806909,2805604,111.77,279.43
2806909,2805703,20.33,50.82
2806909,2806701,92.58,231.45
2806909,2807105,155.24,388.1
2806909,2807402,204.36,510.9
2806909,2807600,169.08,422.7
2807006,2800308,105.42,263.55
2807006,2800605,108.78,271.95
2807006,2800670,121.31,303.27
2807006,2801009,60.02,150.05
2807006,2801207,113.77,284.43
2807006,2801306,55.62,139.05
2807006,2801405,45.68,114.2
2807006,2801702,168.31,420.77
2807006,2802106,154.84,387.1
2807006,2802304,33.27,83.18
2807006,2802908,52.69,131.72
2807006,2803005,153.52,383.8
2807006,2803203,121.74,304.35
2807006,2803500,86.38,215.95
2807006,2803609,85.53,213.82
2807006,2804508,34.74,86.85
2807006,2804607,36.71,91.78
2807006,2804805,103.46,258.65
2807006,2805406,87.6,219.0
2807006,2805604,89.53,223.82
2807006,2805703,103.57,258.92
2807006,2806701,110.64,276.6
2807006,2807105,79.73,199.33
2807006,2807402,145.19,362.98
2807006,2807600,152.42,381.05
2807105,2800308,108.77,271.93
2807105,2800605,113.45,283.62
2807105,2800670,64.48,161.2
2807105,2801009,55.44,138.6
2807105,2801207,164.87,412.18
2807105,2801306,121.61,304.02
2807105,2801405,58.63,146.58
2807105,2801702,107.51,268.78
2807105,2802106,93.11,232.78
2807105,2802304,49.42,123.55
2807105,2802908,72.48,181.2
2807105,2803005,92.72,231.8
2807105,2803203,73.86,184.65
2807105,2803500,30.78,76.95
2807105,2803609,113.74,284.35
2807105,2804508,103.83,259.57
2807105,2804607,102.24,255.6
2807105,2804805,110.72,276.8
2807105,2805406,138.7,346.75
2807105,2805604,140.62,351.55
2807105,2805703,169.56,423.9
2807105,2806701,96.38,240.95
2807105,2807402,84.39,210.97
2807105,2807600,91.62,229.05
2807204,2800308,55.36,138.4
2807204,2800605,54.87,137.17
2807204,2800670,117.75,294.38
2807204,2801009,70.49,176.22
2807204,2801207,145.82,364.55
2807204,2801306,15.22,38.05
2807204,2801405,102.06,255.15
2807204,2801702,152.97,382.43
2807204,2802106,104.4,261.0
2807204,2802304,68.6,171.5
2807204,2802908,60.2,150.5
2807204,2803005,156.98,392.45
2807204,2803203,71.31,178.28
2807204,2803500,96.85,242.12
2807204,2803609,36.09,90.23
2807204,2804508,66.79,166.98
2807204,2804607,19.06,47.65
2807204,2804805,46.89,117.22
2807204,2805406,119.65,299.12
2807204,2805604,121.58,303.95
2807204,2805703,70.77,176.92
2807204,2806701,60.58,151.45
2807204,2807105,115.06,287.65
2807204,2807402,155.66,389.15
2807204,2807600,137.08,342.7
2807303,2800308,102.85,257.12
2807303,2800605,102.36,255.9
2807303,2800670,165.24,413.1
2807303,2801009,134.5,336.25
2807303,2801207,168.69,421.73
2807303,2801306,54.98,137.45
2807303,2801405,120.61,301.52
2807303,2801702,200.46,501.15
2807303,2802106,151.89,379.72
2807303,2802304,124.27,310.68
2807303,2802908,124.2,310.5
2807303,2803005,204.47,511.18
2807303,2803203,118.79,296.98
2807303,2803500,161.13,402.82
2807303,2803609,83.58,208.95
2807303,2804508,75.7,189.25
2807303,2804607,69.84,174.6
2807303,2804805,94.38,235.95
2807303,2805406,142.52,356.3
2807303,2805604,90.21,225.52
2807303,2805703,11.9,29.75
2807303,2806701,108.07,270.17
2807303,2807105,170.73,426.82
2807303,2807402,219.85,549.62
2807303,2807600,184.57,461.42
2807402,2800308,139.0,347.5
2807402,2800605,143.68,359.2
2807402,2800670,64.32,160.8
2807402,2801009,86.41,216.02
2807402,2801207,245.47,613.67
2807402,2801306,166.89,417.22
2807402,2801405,139.39,348.47
2807402,2801702,68.46,171.15
2807402,2802106,92.1,230.25
2807402,2802304,119.45,298.62
2807402,2802908,98.35,245.88
2807402,2803005,37.16,92.9
2807402,2803203,104.09,260.23
2807402,2803500,61.79,154.47
2807402,2803609,139.61,349.03
2807402,2804508,162.62,406.55
2807402,2804607,147.53,368.82
2807402,2804805,140.95,352.38
2807402,2805406,215.48,538.7
2807402,2805604,217.41,543.52
2807402,2805703,220.3,550.75
2807402,2806701,126.61,316.52
2807402,2807105,84.79,211.98
2807402,2807600,57.24,143.1
2807501,2800308,136.05,340.12
2807501,2800605,140.73,351.82
2807501,2800670,58.89,147.22
2807501,2801009,109.59,273.98
2807501,2801207,264.84,662.1
2807501,2801306,188.61,471.53
2807501,2801405,162.58,406.45
2807501,2801702,18.57,46.42
2807501,2802106,69.49,173.72
2807501,2802304,142.63,356.57
2807501,2802908,121.54,303.85
2807501,2803005,20.41,51.02
2807501,2803203,101.14,252.85
2807501,2803500,84.97,212.43
2807501,2803609,139.91,349.77
2807501,2804508,185.81,464.52
2807501,2804607,189.36,473.4
2807501,2804805,138.0,345.0
2807501,2805406,238.67,596.67
2807501,2805604,240.6,601.5
2807501,2805703,217.35,543.38
2807501,2806701,123.66,309.15
2807501,2807105,107.98,269.95
2807501,2807402,51.22,128.05
2807501,2807600,34.74,86.85
2807600,2800308,102.84,257.1
2807600,2800605,107.52,268.8
2807600,2800670,37.62,94.05
2807600,2801009,93.32,233.3
2807600,2801207,248.56,621.4
2807600,2801306,155.4,388.5
2807600,2801405,146.3,365.75
2807600,2801702,17.44,43.6
2807600,2802106,36.28,90.7
2807600,2802304,126.36,315.9
2807600,2802908,105.26,263.15
2807600,2803005,21.39,53.48
2807600,2803203,67.93,169.83
2807600,2803500,68.7,171.75
2807600,2803609,106.7,266.75
2807600,2804508,169.53,423.82
2807600,2804607,156.15,390.38
2807600,2804805,104.79,261.98
2807600,2805406,222.39,555.97
2807600,2805604,224.32,560.8
2807600,2805703,184.14,460.35
2807600,2806701,90.45,226.12
2807600,2807105,91.7,229.25
2807600,2807402,56.84,142.1
